FirstName,LastName,Alias,Email,Username,CommunityNickname,LanguageLocaleKey,LocaleSidKey,EmailEncodingKey,TimeZoneSidKey,ProfileId
Sharon,Ortiz,sorti,sorti@example.com,sorti@example.com,sortiz,en_US,en_GB,UTF-8,Europe/London,00e0C000000XrFcQAK
Stefano,Piazza,spiaz,spiaz@example.com,spiaz@example.com,spiaza,en_US,en_GB,UTF-8,Europe/London,00e0C000000XrFcQAK
Benjamin,Welch,bwelc,bwelc@example.com,bwelc@example.com,bwelch,en_US,en_GB,UTF-8,Europe/London,00e0C000000XrFcQAK
Ako,Ishiyama,aishi,aishi@exmaple.com,aishi@exmaple.com,aishiyama,en_US,en_GB,UTF-8,Europe/London,00e0C000000XrFcQAK
Klaus,Freitag,kfrei,kfrei@example.com,kfrei@example.com,kfreitag,en_US,en_GB,UTF-8,Europe/London,00e0C000000XrFcQAK
Jane,Hoffman,jhoffman,jhoffman@example.com,jhoffman@example.com,jhoffman,en_US,en_GB,UTF-8,Europe/London,00e0C000000XrFcQAK
Steven,Gosler,sgosler,sgosler@example.com,sgosler@example.com,sgosler,en_US,en_GB,UTF-8,Europe/London,00e0C000000XrFcQAK